username,password
<<<<<<< HEAD,
test_user,10a6e6cc8311a3e2bcc09bf6c199adecd5dd59408c343e926b129c4914f3cb01
<<<<<<< HEAD
<<<<<<< HEAD
Gavin,58a8ddbdd8ffd169f13ca1eba61d275403af6854847e72b6b8c6478dd916af35
=======
1,6b86b273ff34fce19d6b804eff5a3f5747ada4eaa22f1d49c01e52ddb7875b4b
>>>>>>> 16ee54d2ba00e5934e12b2cadba5f5d42417463f
=======
<<<<<<< HEAD,
Gavin,58a8ddbdd8ffd169f13ca1eba61d275403af6854847e72b6b8c6478dd916af35
=======,
1,6b86b273ff34fce19d6b804eff5a3f5747ada4eaa22f1d49c01e52ddb7875b4b
<<<<<<< HEAD,
>>>>>>> 9c14335b60e29af005f7f2194092965bed261270,
G,bb7208bc9b5d7c04f1236a82a0093a5e33f40423d5ba8d4266f7092c3ba43b62
=======,
a,6b86b273ff34fce19d6b804eff5a3f5747ada4eaa22f1d49c01e52ddb7875b4b
>>>>>>> 842bd378a4b2883168179f06c8cc2749e5c3bd2c,
=======,
1,6b86b273ff34fce19d6b804eff5a3f5747ada4eaa22f1d49c01e52ddb7875b4b
rq,10a6e6cc8311a3e2bcc09bf6c199adecd5dd59408c343e926b129c4914f3cb01
>>>>>>> 84d8c9b2cdfd67f7299f38ebf1000f21708f0616,
gavin,cd0aa9856147b6c5b4ff2b7dfee5da20aa38253099ef1b4a64aced233c9afe29
>>>>>>> 1912b7e2f8422acd9c6334dd3722b3e61aecda4f
